{
    "loss": 0.28821828961372375,
    "accuracy": 0.904321014881134
}