{
    "loss": 23.960128784179688,
    "accuracy": 0.02777777798473835
}